CityID,City,Country,Lat,Lng,Max Temp,Humidity,Cloudiness,Wind Speed,Current Description
0,Salalah,OM,17.0151,54.0924,21.2,70,2,0.68,clear sky
1,Staritsa,RU,56.5075,34.9354,-3.58,88,90,5.76,overcast clouds
2,Pevek,RU,69.7008,170.3133,-30.58,98,100,4.22,overcast clouds
3,Colon,PA,9.3592,-79.9014,34.45,64,14,5.57,few clouds
4,Tasiilaq,GL,65.6145,-37.6368,-14.74,66,100,1.81,overcast clouds
5,Rocha,UY,-34.4833,-54.3333,18.9,94,100,8.1,overcast clouds
6,Bluff,NZ,-46.6,168.3333,11.0,70,100,5.79,overcast clouds
7,Dikson,RU,73.5069,80.5464,-19.4,78,100,12.04,overcast clouds
8,Kapaa,US,22.0752,-159.319,25.18,74,40,5.14,scattered clouds
9,Saint-Philippe,RE,-21.3585,55.7679,25.75,84,28,4.97,scattered clouds
10,Cidreira,BR,-30.1811,-50.2056,25.29,71,1,8.47,clear sky
11,Irbil,IQ,36.1926,44.0106,6.9,61,0,1.54,clear sky
12,Isangel,VU,-19.55,169.2667,25.06,94,75,0.0,broken clouds
13,Atuona,PF,-9.8,-139.0333,25.38,78,4,6.22,light rain
14,Kununurra,AU,-15.7667,128.7333,24.99,100,67,0.0,broken clouds
15,Puerto Ayora,EC,-0.7393,-90.3518,30.98,84,97,3.13,overcast clouds
16,Verkhnyaya Inta,RU,65.9811,60.3094,-14.63,91,100,4.51,overcast clouds
17,Ponta Do Sol,PT,32.6667,-17.1,17.35,54,28,2.23,scattered clouds
18,Cape Town,ZA,-33.9258,18.4232,21.72,81,0,7.2,clear sky
19,Mehamn,NO,71.0357,27.8492,-4.03,80,75,9.26,light snow
20,Ketchikan,US,55.3422,-131.6461,4.99,87,100,3.6,overcast clouds
21,Lorengau,PG,-2.0226,147.2712,26.9,77,100,1.2,overcast clouds
22,Khatanga,RU,71.9667,102.5,-28.36,90,30,2.16,scattered clouds
23,Vaini,TO,-21.2,-175.2,27.09,89,20,2.06,few clouds
24,Port Elizabeth,ZA,-33.918,25.5701,23.16,94,100,2.57,overcast clouds
25,Kruisfontein,ZA,-34.0033,24.7314,22.28,90,92,3.7,overcast clouds
26,Avarua,CK,-21.2078,-159.775,27.03,78,20,1.54,few clouds
27,Lloydminster,CA,53.2835,-110.0016,-9.18,78,20,1.03,few clouds
28,Qaanaaq,GL,77.484,-69.3632,-29.26,48,0,3.79,clear sky
29,Alofi,NU,-19.0595,-169.9187,27.94,78,77,4.63,broken clouds
30,Saint-Augustin,CA,51.226,-58.6502,0.59,98,100,8.33,light snow
31,Birao,CF,10.2849,22.7882,23.2,11,28,2.92,scattered clouds
32,Punta Arenas,CL,-53.15,-70.9167,14.06,44,40,15.95,scattered clouds
33,Carnarvon,AU,-24.8667,113.6333,28.04,61,100,3.6,overcast clouds
34,Mataura,NZ,-46.1927,168.8643,10.82,91,96,1.53,overcast clouds
35,Sola,VU,-13.8833,167.55,26.51,77,99,6.09,overcast clouds
36,Mnogovershinnyy,RU,53.9353,139.9242,-15.34,98,100,1.32,overcast clouds
37,Stokmarknes,NO,68.5646,14.9108,-2.01,69,20,7.2,few clouds
38,Bubaque,GW,11.2833,-15.8333,26.35,65,1,5.54,clear sky
39,Barrow,US,71.2906,-156.7887,-35.99,100,100,3.09,overcast clouds
40,Picui,BR,-6.5106,-36.3469,30.21,40,78,6.96,broken clouds
41,La Ronge,CA,55.1001,-105.2842,-23.86,58,40,2.06,scattered clouds
42,Upernavik,GL,72.7868,-56.1549,-19.58,97,100,5.2,overcast clouds
43,Fortuna,US,40.5982,-124.1573,19.4,66,0,0.45,clear sky
44,Sterling,US,39.0062,-77.4286,16.0,47,75,5.66,broken clouds
45,Puerto El Triunfo,SV,13.2833,-88.55,30.47,56,0,5.24,clear sky
46,New Norfolk,AU,-42.7826,147.0587,13.84,63,100,1.49,overcast clouds
47,Mahebourg,MU,-20.4081,57.7,27.16,83,40,3.09,scattered clouds
48,Mengcheng,CN,33.2579,116.5655,5.47,83,100,1.34,overcast clouds
49,Ancud,CL,-41.8697,-73.8203,26.79,63,77,2.59,broken clouds
50,The Valley,AI,18.217,-63.0578,26.08,69,75,7.72,broken clouds
51,Kailua,US,21.4022,-157.7394,26.52,72,40,5.14,scattered clouds
52,Capaci,IT,38.1711,13.2393,11.94,76,0,2.06,clear sky
53,Ushuaia,AR,-54.8,-68.3,8.81,53,40,16.98,scattered clouds
54,Hilo,US,19.7297,-155.09,25.06,63,20,2.24,few clouds
55,Santa Cruz,BO,-17.8,-63.1667,29.03,54,75,8.23,moderate rain
56,Narsaq,GL,60.9167,-46.05,-2.04,98,100,0.66,snow
57,Castro,BR,-24.7911,-50.0119,25.26,57,44,2.25,scattered clouds
58,Vardo,NO,70.3705,31.1107,-3.42,69,13,6.14,few clouds
59,Kaeo,NZ,-35.1,173.7833,19.22,82,100,8.46,overcast clouds
60,Busselton,AU,-33.65,115.3333,13.38,76,0,5.38,clear sky
61,Beringovskiy,RU,63.05,179.3167,-32.23,95,11,3.29,few clouds
62,Bandarbeyla,SO,9.4942,50.8122,24.48,68,100,6.03,overcast clouds
63,Albany,US,42.6001,-73.9662,7.75,56,55,0.89,broken clouds
64,Hermanus,ZA,-34.4187,19.2345,20.45,84,100,1.56,overcast clouds
65,Cherskiy,RU,68.75,161.3,-29.27,98,100,4.57,overcast clouds
66,Sioux Lookout,CA,50.1001,-91.917,-22.79,59,75,2.57,broken clouds
67,Lompoc,US,34.6391,-120.4579,30.08,22,0,3.09,clear sky
68,Bahia Blanca,AR,-38.7196,-62.2724,26.01,17,19,0.98,few clouds
69,Mao,ES,39.8885,4.2658,9.31,81,0,2.06,clear sky
70,Vanavara,RU,60.34,102.2797,-25.55,100,99,1.06,overcast clouds
71,Casian,PH,11.035,119.7136,26.35,86,100,9.68,overcast clouds
72,Katsuura,JP,35.1333,140.3,3.06,58,36,1.53,scattered clouds
73,Mamallapuram,IN,12.6264,80.1722,26.7,74,8,4.39,clear sky
74,Rikitea,PF,-23.1203,-134.9692,26.09,70,1,7.17,light rain
75,Sorong,ID,-0.8833,131.25,26.41,82,100,3.51,overcast clouds
76,Bozeman,US,45.6796,-111.0386,7.68,45,0,1.54,clear sky
77,Port Alfred,ZA,-33.5906,26.891,24.23,92,5,5.77,clear sky
78,Nikolskoye,RU,59.7035,30.7861,1.6,97,100,5.33,light snow
79,Victoria,HK,22.2855,114.1577,18.99,88,97,4.02,overcast clouds
80,Mayumba,GA,-3.432,10.6554,25.9,89,100,2.66,overcast clouds
81,Coquimbo,CL,-29.9533,-71.3436,21.85,64,20,6.17,few clouds
82,Bafq,IR,31.6128,55.4107,10.78,54,100,3.42,overcast clouds
83,Hithadhoo,MV,-0.6,73.0833,27.36,69,100,4.91,overcast clouds
84,Flinders,AU,-34.5833,150.8552,17.89,93,79,1.79,broken clouds
85,Rocky Mount,US,35.9382,-77.7905,22.98,32,0,3.09,clear sky
86,Amta,IN,22.58,88.0083,15.96,45,21,2.92,few clouds
87,Srednekolymsk,RU,67.45,153.6833,-35.49,98,95,3.26,overcast clouds
88,Kieta,PG,-6.2167,155.6333,25.55,76,100,0.97,overcast clouds
89,Torbay,CA,47.6666,-52.7314,7.64,79,100,6.69,overcast clouds
90,Cap Malheureux,MU,-19.9842,57.6142,27.27,84,6,1.79,clear sky
91,Taoudenni,ML,22.6783,-3.9836,19.65,18,0,4.57,clear sky
92,Umm Kaddadah,SD,13.6017,26.6876,17.1,17,5,5.91,clear sky
93,Fredericksburg,US,38.3032,-77.4605,18.45,35,40,3.13,scattered clouds
94,Manzhouli,CN,49.6,117.4333,-28.68,99,56,1.64,broken clouds
95,Butaritari,KI,3.0707,172.7902,28.22,69,98,7.09,overcast clouds
96,Iqaluit,CA,63.7506,-68.5145,-30.15,57,40,0.0,scattered clouds
97,Tiarei,PF,-17.5333,-149.3333,31.01,73,83,6.65,broken clouds
98,Emerald,AU,-23.5333,148.1667,21.08,83,0,2.06,clear sky
99,Loandjili,CG,-4.7561,11.8578,27.06,89,20,3.6,few clouds
100,Turayf,SA,31.6725,38.6637,7.14,61,0,2.57,clear sky
101,Portsmouth,GB,50.799,-1.0913,8.58,89,100,5.81,overcast clouds
102,Kaitangata,NZ,-46.2817,169.8464,10.52,80,100,4.38,overcast clouds
103,Jamestown,US,42.097,-79.2353,-1.06,63,100,4.12,overcast clouds
104,Ishigaki,JP,24.3448,124.1572,21.33,89,98,1.78,overcast clouds
105,Sept-Iles,CA,50.2001,-66.3821,0.59,90,100,2.06,overcast clouds
106,Guerrero Negro,MX,27.9769,-114.0611,23.61,29,100,1.32,overcast clouds
107,East London,ZA,-33.0153,27.9116,24.88,88,0,4.73,clear sky
108,Berdigestyakh,RU,62.0989,126.6992,-29.91,100,100,1.11,overcast clouds
109,Chokurdakh,RU,70.6333,147.9167,-19.02,95,100,6.09,overcast clouds
110,Tuktoyaktuk,CA,69.4541,-133.0374,-33.0,68,20,4.12,few clouds
111,Arraial Do Cabo,BR,-22.9661,-42.0278,26.92,69,75,3.6,light rain
112,Palora,EC,-1.7,-77.9333,25.06,74,89,0.5,light rain
113,Atar,MR,20.5169,-13.0499,22.54,20,16,4.35,few clouds
114,Victor Harbor,AU,-35.5667,138.6167,22.17,37,96,2.93,overcast clouds
115,Santa Rosa,PH,14.3122,121.1114,26.17,80,99,3.29,overcast clouds
116,Champerico,GT,14.3,-91.9167,36.3,54,2,4.69,clear sky
117,Nanning,CN,22.8167,108.3167,10.25,89,100,2.33,overcast clouds
118,Haines Junction,CA,60.7522,-137.5108,5.97,33,72,4.12,broken clouds
119,Abu Samrah,SY,35.3029,37.1841,9.29,72,0,2.69,clear sky
120,Sumkino,RU,58.1108,68.3244,-15.55,93,100,2.47,overcast clouds
121,Naryan-Mar,RU,67.6713,53.087,-11.65,95,98,4.62,overcast clouds
122,Labuhan,ID,-6.8844,112.2051,25.63,80,100,1.87,overcast clouds
123,Kushima,JP,31.4583,131.2333,12.4,96,100,1.71,overcast clouds
124,Banjarmasin,ID,-3.3244,114.591,24.08,89,100,1.31,overcast clouds
125,Yulara,AU,-25.2406,130.9889,20.91,43,0,3.09,clear sky
126,Sechura,PE,-5.5569,-80.8222,27.11,57,100,6.34,overcast clouds
127,Carauari,BR,-4.8828,-66.8958,29.3,72,87,0.68,overcast clouds
128,Yoichi,JP,43.2039,140.7703,-1.54,69,49,5.24,scattered clouds
129,Klaksvik,FO,62.2266,-6.589,3.51,88,100,2.97,overcast clouds
130,Bodden Town,KY,19.2833,-81.25,29.44,66,20,5.66,few clouds
131,Saint-Pierre,RE,-21.3393,55.4781,25.8,83,75,3.09,broken clouds
132,Nueva Gerona,CU,21.8833,-82.8,27.07,67,31,3.96,moderate rain
133,Hamilton,US,39.1834,-84.5333,-0.14,78,100,5.66,overcast clouds
134,Tiksi,RU,71.6872,128.8694,-22.39,89,88,7.0,overcast clouds
135,Kahului,US,20.8947,-156.47,25.54,68,20,4.02,few clouds
136,Smithers,CA,54.7804,-127.1743,-1.82,74,75,3.09,broken clouds
137,Kavieng,PG,-2.5744,150.7967,26.99,78,100,1.85,overcast clouds
138,Barra Dos Coqueiros,BR,-10.9089,-37.0386,30.01,70,0,8.23,clear sky
139,Yenagoa,NG,4.9247,6.2642,27.43,70,97,3.31,overcast clouds
140,Almeirim,BR,-1.5233,-52.5817,30.06,59,59,1.74,broken clouds
141,Svetlyy,RU,54.675,20.1347,1.03,70,92,7.9,overcast clouds
142,Souillac,MU,-20.5167,57.5167,27.21,83,40,3.09,light rain
143,Miri,MY,4.4148,114.0089,24.08,94,40,0.0,scattered clouds
144,Berlevag,NO,70.8578,29.0864,-4.0,79,66,9.69,broken clouds
145,Hasaki,JP,35.7333,140.8333,-1.78,62,64,2.3,broken clouds
146,Tongliao,CN,43.6125,122.2653,-25.6,100,13,1.9,few clouds
147,Polyarnyy,RU,69.1989,33.4478,-19.74,92,53,3.83,broken clouds
148,Pahrump,US,36.2083,-115.9839,21.81,15,0,1.34,clear sky
149,Tadine,NC,-21.55,167.8833,26.96,84,100,2.41,overcast clouds
150,Kodiak,US,57.79,-152.4072,3.73,65,0,5.14,clear sky
151,Ivanava,BY,52.1451,25.5365,-1.67,74,15,3.23,few clouds
152,Livingstonia,MW,-10.606,34.1063,17.16,90,100,1.5,light rain
153,Codrington,AU,-38.2667,141.9667,20.93,49,100,5.32,overcast clouds
154,Tuatapere,NZ,-46.1333,167.6833,11.01,78,100,2.76,overcast clouds
155,Salym,RU,60.0625,71.4789,-18.66,96,100,3.33,overcast clouds
156,Roald,NO,62.5833,6.1333,6.08,75,75,4.63,broken clouds
157,Yendi,GH,9.4427,-0.0099,31.65,20,11,1.44,few clouds
158,Cairns,AU,-16.9167,145.7667,24.97,88,44,2.57,scattered clouds
159,Airai,TL,-8.9266,125.4092,14.83,92,76,1.03,broken clouds
160,Natal,BR,-5.795,-35.2094,30.36,74,75,6.69,broken clouds
161,Rincon,US,32.296,-81.2354,20.95,34,75,0.0,broken clouds
162,Mahon,ES,39.8885,4.2658,9.31,81,0,2.06,clear sky
163,Matai,TZ,-8.3,31.5167,14.49,94,100,1.08,overcast clouds
164,Saint-Francois,FR,46.4154,3.9054,2.04,86,0,2.57,clear sky
165,Wanlaweyn,SO,2.6185,44.8938,24.7,68,100,7.47,overcast clouds
166,Honningsvag,NO,70.9821,25.9704,-4.26,62,100,9.93,light snow
167,Robertsport,LR,6.7533,-11.3686,26.68,84,11,6.04,few clouds
168,Wajima,JP,37.4,136.9,3.89,68,100,5.97,overcast clouds
169,Srivardhan,IN,18.0333,73.0167,23.09,58,32,2.57,scattered clouds
170,Tual,ID,-5.6667,132.75,28.03,72,29,1.93,scattered clouds
171,Vung Tau,VN,10.346,107.0843,25.87,80,37,8.44,scattered clouds
172,Thompson,CA,55.7435,-97.8558,-21.91,54,0,3.6,clear sky
173,Cabo San Lucas,MX,22.8909,-109.9124,28.99,48,0,2.24,clear sky
174,Severo-Kurilsk,RU,50.6789,156.125,-7.84,76,33,1.02,scattered clouds
175,Zhaotong,CN,27.3167,103.7167,-1.19,87,100,1.76,light snow
176,Novyy Urengoy,RU,66.0833,76.6333,-22.64,96,29,6.62,scattered clouds
177,Lovozero,RU,68.005,35.0117,-9.0,82,100,6.99,overcast clouds
178,San Patricio,US,28.017,-97.5169,20.23,65,100,11.6,overcast clouds
179,Kloulklubed,PW,7.0419,134.2556,27.81,75,53,9.82,broken clouds
180,Odda,NO,60.0691,6.5457,6.11,97,100,3.85,overcast clouds
181,Monforte De Lemos,ES,42.5216,-7.5142,10.32,91,15,0.81,few clouds
182,Omboue,GA,-1.5746,9.2618,26.19,88,100,2.96,light rain
183,Saint George,US,37.1041,-113.5841,19.26,17,0,1.79,clear sky
184,Te Anau,NZ,-45.4167,167.7167,8.38,85,93,2.03,overcast clouds
185,Luba,GQ,3.4568,8.5547,27.94,79,81,3.68,broken clouds
186,Phulpur,IN,25.55,82.1,10.78,54,0,1.79,clear sky
187,Port Lincoln,AU,-34.7333,135.8667,20.38,54,100,2.87,overcast clouds
188,Bethel,US,41.3712,-73.414,13.9,45,0,5.66,clear sky
189,Korla,CN,41.7597,86.1469,-1.8,48,100,3.91,overcast clouds
190,Tagab,AF,34.855,69.6492,5.66,38,40,1.82,scattered clouds
191,Provideniya,RU,64.3833,-173.3,-23.91,81,11,2.47,few clouds
192,Lebu,CL,-37.6167,-73.65,19.64,61,25,5.08,scattered clouds
193,Ikalamavony,MG,-21.15,46.5833,20.09,84,26,3.11,scattered clouds
194,Cockburn Town,TC,21.4612,-71.1419,26.98,54,40,8.75,scattered clouds
195,Savanur,IN,14.9667,75.35,21.82,48,0,3.85,clear sky
196,Yellowknife,CA,62.456,-114.3525,-25.4,83,20,1.54,few clouds
197,Shenjiamen,CN,29.9576,122.298,7.82,93,100,4.45,overcast clouds
198,Esperance,AU,-33.8667,121.9,17.91,62,100,4.38,overcast clouds
199,Broome,US,42.2506,-75.833,5.65,60,75,6.69,broken clouds
200,San Quintin,MX,30.4833,-115.95,23.87,28,62,2.74,broken clouds
201,Asfi,MA,32.2994,-9.2372,15.03,84,3,6.56,clear sky
202,Chiniot,PK,31.72,72.9789,10.36,43,0,2.32,clear sky
203,Sitka,US,57.0531,-135.33,5.94,81,100,6.17,overcast clouds
204,Rio Gallegos,AR,-51.6226,-69.2181,21.03,21,40,14.92,scattered clouds
205,Dingle,PH,10.9995,122.6711,23.43,93,28,3.45,scattered clouds
206,Zhangye,CN,38.9342,100.4517,-3.18,64,99,1.06,overcast clouds
207,Longyearbyen,SJ,78.2186,15.6401,-13.09,78,0,4.12,clear sky
208,Northam,GB,51.0333,-4.2167,9.68,96,100,8.33,overcast clouds
209,Lyngseidet,NO,69.5763,20.2189,-5.95,87,28,5.42,scattered clouds
210,Sehithwa,BW,-20.4667,22.7167,22.29,61,6,1.75,clear sky
211,Hambantota,LK,6.1241,81.1185,24.6,85,94,4.75,overcast clouds
212,Mount Isa,AU,-20.7333,139.5,22.87,100,5,0.0,clear sky
213,La Asuncion,VE,11.0333,-63.8628,26.35,63,23,7.6,few clouds
214,Naze,JP,28.3667,129.4833,17.38,91,100,4.22,overcast clouds
215,Hami,CN,42.8,93.45,-2.25,52,82,0.4,broken clouds
216,Tiznit,MA,29.5833,-9.5,14.23,55,0,0.85,clear sky
217,Humberto De Campos,BR,-2.5983,-43.4611,27.73,76,90,3.59,overcast clouds
218,Kenai,US,60.5544,-151.2583,-3.84,96,20,0.0,mist
219,Heilbron,ZA,-27.2812,27.9709,18.87,40,15,1.66,few clouds
220,Saint Albans,GB,51.75,-0.3333,6.6,77,100,6.17,overcast clouds
221,Puri,IN,19.8,85.85,16.29,56,11,2.06,few clouds
222,Falun,SE,60.6036,15.626,2.23,90,100,5.92,overcast clouds
223,Veraval,IN,20.9,70.3667,20.78,43,1,3.38,clear sky
224,Pacific Grove,US,36.6177,-121.9166,27.01,42,0,1.54,clear sky
225,Granville,AU,-33.8333,151.0167,19.94,88,75,3.09,broken clouds
226,Vila Franca Do Campo,PT,37.7167,-25.4333,16.78,84,100,4.47,overcast clouds
227,Mar Del Plata,AR,-38.0023,-57.5575,18.01,67,40,8.23,scattered clouds
228,Wanxian,CN,30.8039,108.3897,7.64,88,100,1.03,overcast clouds
229,Lattes,FR,43.5675,3.9046,11.98,83,100,2.06,overcast clouds
230,Bontang,ID,0.1333,117.5,25.52,83,100,2.49,overcast clouds
231,Gua Musang,MY,4.8823,101.9644,20.88,97,92,0.2,overcast clouds
232,Shunyi,CN,40.125,116.6453,-4.03,80,0,2.0,clear sky
233,Diebougou,BF,10.9667,-3.25,28.87,10,31,1.52,scattered clouds
234,Geraldton,AU,-28.7667,114.6,20.23,77,2,4.63,clear sky
235,Seoul,KR,37.5683,126.9778,-1.22,62,75,1.03,broken clouds
236,Port Hardy,CA,50.6996,-127.4199,3.1,100,75,1.54,broken clouds
237,Pine Bluff,US,34.2284,-92.0032,4.07,57,100,6.71,overcast clouds
238,Rundu,NA,-17.9333,19.7667,19.13,90,98,1.81,light rain
239,Samana,DO,19.2056,-69.3369,26.12,89,75,3.09,broken clouds
240,Boa Vista,BR,2.8197,-60.6733,33.99,38,75,6.69,broken clouds
241,Abha,SA,18.2164,42.5053,14.14,82,3,0.0,clear sky
242,Onda,ES,39.9667,-0.25,12.38,93,96,1.05,overcast clouds
243,Xining,CN,36.6167,101.7667,-11.04,68,100,1.09,overcast clouds
244,Manadhoo,MV,5.7667,73.3833,26.99,76,100,2.7,overcast clouds
245,Mount Gambier,AU,-37.8333,140.7667,16.95,67,66,4.12,broken clouds
246,Takestan,IR,36.0696,49.6959,-0.93,65,1,2.7,clear sky
247,Gorom-Gorom,BF,14.4439,-0.2361,25.5,10,0,2.25,clear sky
248,Matadi,CD,-5.8167,13.45,27.27,67,67,2.86,broken clouds
249,Powell River,CA,49.8496,-124.5361,6.0,93,20,1.54,fog
250,Marystown,CA,47.1666,-55.1483,7.14,100,68,4.02,broken clouds
251,Borovskoy,KZ,53.8,64.15,-11.4,92,100,1.45,overcast clouds
252,Camana,PE,-16.6228,-72.7111,23.62,70,81,3.63,broken clouds
253,Bambous Virieux,MU,-20.3428,57.7575,27.14,83,40,3.09,moderate rain
254,Aksarka,RU,66.5606,67.7975,-24.54,94,100,3.46,overcast clouds
255,Muisne,EC,0.6,-80.0333,29.06,87,97,3.0,light rain
256,Brawley,US,32.9787,-115.5303,29.16,11,0,0.0,clear sky
257,Praia Da Vitoria,PT,38.7333,-27.0667,18.14,77,20,4.98,few clouds
258,Pingyin,CN,36.2831,116.4453,1.86,77,96,2.42,overcast clouds
259,Nynashamn,SE,58.9034,17.9479,3.12,81,100,9.11,overcast clouds
260,Chuncheng,CN,22.1731,111.7886,18.9,91,100,1.51,light rain
261,Arlit,NE,18.7369,7.3853,21.71,11,0,2.28,clear sky
262,Mandera,KE,3.9366,41.867,27.89,22,93,4.09,overcast clouds
263,Tumaco,CO,1.7986,-78.8156,26.21,83,84,3.96,light rain
264,Melchor De Mencos,GT,17.0686,-89.1522,28.81,68,69,1.88,broken clouds
265,Meadow Lake,US,34.8014,-106.5436,7.55,42,80,2.65,broken clouds
266,Dukat,RU,62.55,155.55,-34.3,96,51,1.66,broken clouds
267,Namibe,AO,-15.1961,12.1522,24.33,82,91,3.27,overcast clouds
268,Bilina,CZ,50.5485,13.7754,3.4,92,63,2.28,broken clouds
269,Okhotsk,RU,59.3833,143.3,-25.73,81,8,4.01,clear sky
270,Verkhnevilyuysk,RU,63.4453,120.3167,-30.71,100,100,0.84,overcast clouds
271,Pafos,CY,34.7667,32.4167,10.95,76,0,2.57,clear sky
272,Hobart,AU,-42.8794,147.3294,14.03,77,75,3.6,broken clouds
273,Sabang,ID,5.8933,95.3214,27.99,72,25,7.75,scattered clouds
274,Roma,US,43.2128,-75.4557,2.44,68,100,10.29,overcast clouds
275,Nemuro,JP,43.3236,145.575,-5.28,79,45,1.3,scattered clouds
276,Mersing,MY,2.4312,103.8405,24.95,88,43,2.57,scattered clouds
277,Dillon,US,34.4166,-79.3712,21.66,39,100,3.45,overcast clouds
278,Chyhyryn,UA,49.0838,32.6555,-0.34,86,51,3.87,broken clouds
279,Port Moresby,PG,-9.4431,147.1797,21.68,94,20,1.54,few clouds
280,Bengkulu,ID,-3.8004,102.2655,24.17,85,89,2.15,overcast clouds
281,Lagoa,PT,39.05,-27.9833,15.7,88,99,9.75,overcast clouds
282,Praia,CV,14.9215,-23.5087,24.3,64,98,8.23,overcast clouds
283,La Ciotat,FR,43.1748,5.6045,11.93,58,100,5.74,overcast clouds
284,Lavrentiya,RU,65.5833,-171.0,-27.35,93,11,3.39,few clouds
285,Valeggio Sul Mincio,IT,45.3523,10.7367,5.23,61,0,2.57,clear sky
286,Kawalu,ID,-7.3817,108.2082,22.73,92,100,0.82,overcast clouds
287,Mangrol,IN,21.1167,70.1167,20.18,35,1,4.93,clear sky
288,Saldanha,ZA,-33.0117,17.9442,19.05,86,100,5.25,overcast clouds
289,Harper,LR,4.375,-7.7169,25.88,84,6,3.32,clear sky
290,Vangaindrano,MG,-23.35,47.6,23.16,86,38,2.88,scattered clouds
291,Norman Wells,CA,65.282,-126.8329,-27.98,76,75,2.06,broken clouds
292,Tinos,GR,37.5375,25.1634,14.42,68,100,1.7,overcast clouds
293,Huinan,CN,42.6225,126.2614,-19.9,99,43,0.91,scattered clouds
294,Saskylakh,RU,71.9167,114.0833,-17.76,75,61,5.24,broken clouds
295,Ayr,GB,55.4627,-4.6339,8.99,76,75,7.2,broken clouds
296,Soyo,AO,-6.1349,12.3689,27.03,87,30,3.62,scattered clouds
297,Coihaique,CL,-45.5752,-72.0662,29.34,36,0,2.06,clear sky
298,Ilulissat,GL,69.2167,-51.1,-9.2,93,100,8.87,snow
299,Bredasdorp,ZA,-34.5322,20.0403,20.16,79,100,1.12,overcast clouds
300,La Maddalena,IT,41.2142,9.4083,6.03,67,24,7.82,few clouds
301,Nanortalik,GL,60.1432,-45.2371,-1.08,98,100,3.51,snow
302,Plettenberg Bay,ZA,-34.0527,23.3716,20.31,93,88,2.16,overcast clouds
303,Kavaratti,IN,10.5669,72.642,26.97,71,6,3.54,clear sky
304,Asau,RO,46.4333,26.4,-2.0,92,90,1.06,overcast clouds
305,Tura,IN,25.5198,90.2201,12.66,75,0,1.78,clear sky
306,Matara,LK,5.9485,80.5353,23.97,91,100,1.39,overcast clouds
307,Novonikolayevskiy,RU,50.9738,42.3649,-5.27,96,90,4.64,overcast clouds
308,Teya,RU,60.3778,92.6267,-27.18,100,40,0.94,scattered clouds
309,Wilmington,US,34.2257,-77.9447,21.1,45,0,3.09,clear sky
310,Sao Joao Da Barra,BR,-21.6403,-41.0511,26.05,83,93,2.56,overcast clouds
311,Loubomo,CG,-4.1997,12.6739,23.33,89,100,2.07,light rain
312,Maceio,BR,-9.6658,-35.7353,30.69,62,0,8.23,clear sky
313,Tommot,RU,58.9564,126.2925,-35.89,100,78,0.58,broken clouds
314,Ulladulla,AU,-35.35,150.4667,16.72,84,52,1.24,broken clouds
315,Padang,ID,-0.9492,100.3543,24.71,82,95,1.89,overcast clouds
316,Tilichiki,RU,60.4667,166.1,-29.79,92,11,4.03,few clouds
317,Dangtu,CN,31.5723,118.4928,6.03,90,100,3.37,overcast clouds
318,Davidson,US,36.1501,-86.7833,3.55,54,100,5.66,overcast clouds
319,Dom Pedrito,BR,-30.9828,-54.6731,30.54,44,90,5.68,overcast clouds
320,Coos Bay,US,43.3665,-124.2179,16.64,72,0,2.06,clear sky
321,Morondava,MG,-20.2833,44.2833,27.56,82,99,2.77,overcast clouds
322,Huilong,CN,31.8111,121.655,8.35,93,100,5.8,overcast clouds
323,Beisfjord,NO,68.3751,17.5988,-5.97,88,85,4.07,overcast clouds
324,Varenikovskaya,RU,45.1209,37.6417,4.18,81,100,7.7,overcast clouds
325,Alpena,US,45.0617,-83.4327,-9.92,63,0,5.14,clear sky
326,Praya,CV,14.9215,-23.5087,24.3,64,98,8.23,overcast clouds
327,Nouadhibou,MR,20.931,-17.0347,22.99,43,45,6.17,scattered clouds
328,Wajir,KE,1.7471,40.0573,30.63,22,74,6.04,broken clouds
329,Los Llanos De Aridane,ES,28.6585,-17.9182,17.29,80,40,6.17,scattered clouds
330,Tambopata,PE,-12.7333,-69.1833,29.7,64,100,2.36,overcast clouds
331,College,US,64.8569,-147.8028,-20.43,74,75,1.54,broken clouds
332,Grootfontein,NA,-19.5667,18.1167,18.76,94,92,0.51,overcast clouds
333,Ribeira Grande,PT,38.5167,-28.7,17.22,77,40,8.75,scattered clouds
334,Eureka,US,40.8021,-124.1637,19.55,66,0,0.89,clear sky
335,Marawi,PH,7.9986,124.2928,17.58,89,100,1.23,overcast clouds
336,Bathsheba,BB,13.2167,-59.5167,28.34,57,20,9.77,few clouds
337,Veere,NL,51.5483,3.6667,5.08,80,82,8.75,broken clouds
338,Jerantut,MY,3.936,102.3626,21.2,97,45,0.73,scattered clouds
339,Manzanillo,CU,20.3433,-77.1167,29.8,52,18,4.01,few clouds
340,Mortka,RU,59.3322,66.0214,-19.29,100,96,1.42,overcast clouds
341,Atikokan,CA,48.7555,-91.6216,-19.82,77,100,1.64,overcast clouds
342,Iskateley,RU,67.6803,53.1512,-11.69,94,98,4.63,overcast clouds
343,Nabisar,PK,25.0685,69.6419,18.64,37,0,3.53,clear sky
344,El Guapinol,HN,13.7667,-87.4667,34.87,22,9,2.36,clear sky
345,Pontian Kecil,MY,1.4801,103.3899,25.61,90,51,2.83,broken clouds
346,Vredendal,ZA,-31.6683,18.5012,23.69,56,100,1.93,overcast clouds
347,Raudeberg,NO,61.9875,5.1352,5.37,92,100,4.92,moderate rain
348,Yerbogachen,RU,61.2767,108.0108,-28.66,100,97,0.75,overcast clouds
349,Inhambane,MZ,-23.865,35.3833,25.99,78,20,1.54,few clouds
350,Coihueco,CL,-36.6167,-71.8333,36.38,8,61,3.51,broken clouds
351,Shakawe,BW,-18.3667,21.85,19.43,91,77,2.42,broken clouds
352,Leshukonskoye,RU,64.8989,45.7622,-10.51,97,93,2.5,overcast clouds
353,Nizwa,OM,22.9333,57.5333,19.32,36,0,0.2,clear sky
354,Virginia Beach,US,36.8529,-75.978,21.26,40,100,3.62,overcast clouds
355,Sakakah,SA,29.9697,40.2064,10.76,36,0,2.15,clear sky
356,Pisco,PE,-13.7,-76.2167,24.45,60,0,5.14,clear sky
357,Karasjok,NO,69.4719,25.5112,-12.94,97,13,1.4,few clouds
358,Namatanai,PG,-3.6667,152.4333,25.44,83,100,1.26,moderate rain
359,Bosconia,CO,9.9689,-73.8836,38.09,22,34,2.62,scattered clouds
360,Jaen,ES,38.0,-3.5,10.01,70,100,1.68,overcast clouds
361,Mahibadhoo,MV,3.7833,72.9667,27.14,74,100,1.11,overcast clouds
362,Ambon,ID,-3.6954,128.1814,24.08,94,40,2.06,light rain
363,Puro,PH,12.4841,123.3827,24.12,89,95,3.86,overcast clouds
364,Faanui,PF,-16.4833,-151.75,27.34,73,99,6.6,overcast clouds
365,Jizan,SA,17.3333,42.6667,26.52,74,7,3.38,clear sky
366,Westport,US,41.1415,-73.3579,15.16,42,82,5.79,broken clouds
367,Poykovskiy,RU,61.2333,73.3333,-22.68,83,0,5.0,clear sky
368,Flin Flon,CA,54.7682,-101.865,-21.09,59,0,2.57,clear sky
369,Grande Prairie,CA,55.1667,-118.8027,3.1,65,75,2.57,broken clouds
370,Salinopolis,BR,-0.6136,-47.3561,27.84,77,28,3.99,scattered clouds
371,Clyde River,CA,70.4692,-68.5914,-26.87,69,100,12.86,snow
372,Grindavik,IS,63.8424,-22.4338,-3.74,63,0,5.14,clear sky
373,Itarema,BR,-2.9248,-39.9167,27.88,70,98,5.23,overcast clouds
374,Muzhi,RU,65.3667,64.6667,-15.26,95,100,4.49,overcast clouds
375,Luwuk,ID,-0.9516,122.7875,24.61,90,100,1.23,overcast clouds
376,Tres Lagoas,BR,-20.7511,-51.6783,30.66,51,50,3.91,scattered clouds
377,Limbang,MY,4.75,115.0,24.17,98,100,1.29,overcast clouds
378,Mayor Pablo Lagerenza,PY,-19.9309,-60.7718,24.37,75,100,5.18,overcast clouds
379,Dubbo,AU,-32.25,148.6167,13.07,94,0,4.12,clear sky
380,Chuy,UY,-33.6971,-53.4616,20.2,97,100,3.62,overcast clouds
381,Khairagarh,IN,26.95,77.8167,12.08,50,0,1.31,clear sky
382,Pauini,BR,-7.7136,-66.9764,33.62,45,26,0.48,scattered clouds
383,Palu,ID,-0.8917,119.8707,23.53,98,100,0.69,overcast clouds
384,Vao,NC,-22.6667,167.4833,26.58,82,100,2.05,overcast clouds
385,Iranshahr,IR,27.2025,60.6848,16.19,31,0,0.0,clear sky
386,Coronado,US,32.6859,-117.1831,32.51,14,0,4.12,clear sky
387,Solnechnyy,RU,50.7214,136.6319,-12.16,94,100,3.13,light snow
388,Nevesinje,BA,43.2586,18.1133,0.48,86,14,3.26,few clouds
389,Neiafu,TO,-18.65,-173.9833,26.38,83,75,2.57,broken clouds
390,Fort Smith,US,35.3859,-94.3986,4.08,29,0,5.66,clear sky
391,Dunedin,NZ,-45.8742,170.5036,10.45,73,100,3.58,overcast clouds
392,Auki,SB,-8.7676,160.7034,24.53,90,100,0.96,overcast clouds
393,Goderich,CA,43.7501,-81.7165,-8.94,79,100,6.69,overcast clouds
394,Qujing,CN,25.4833,103.7833,5.02,90,32,1.07,scattered clouds
395,Shingu,JP,33.7333,135.9833,6.06,59,100,1.74,overcast clouds
396,Callaguip,PH,18.0714,120.4867,24.74,79,75,1.59,broken clouds
397,Cuamba,MZ,-14.8031,36.5372,20.49,96,100,0.9,light rain
398,Maniitsoq,GL,65.4167,-52.9,-11.14,76,100,5.72,overcast clouds
399,Nantucket,US,41.2835,-70.0995,13.19,76,0,7.2,clear sky
400,Nevsehir,TR,38.9167,34.6667,-5.44,86,0,1.54,clear sky
401,Compostela,PH,7.6731,126.0889,22.47,93,100,1.22,overcast clouds
402,Plesetsk,RU,62.708,40.2916,-11.76,98,100,2.21,overcast clouds
403,Punta De Piedra,VE,7.6176,-71.4916,33.1,34,93,2.41,overcast clouds
404,Coxim,BR,-18.5067,-54.76,31.41,59,98,1.64,overcast clouds
405,Aberdeen,GB,57.1437,-2.0981,8.05,70,69,6.17,broken clouds
406,Marsa Matruh,EG,31.3525,27.2453,14.11,67,0,3.09,clear sky
407,Patacamaya,BO,-17.2333,-67.9167,14.95,48,99,5.31,light rain
408,Porbandar,IN,21.6422,69.6093,20.18,45,2,4.56,clear sky
409,Hobyo,SO,5.3505,48.5268,25.07,70,92,6.71,overcast clouds
410,Auburn,US,47.3073,-122.2284,12.01,72,0,6.69,clear sky
411,Rawson,AR,-43.3002,-65.1023,27.25,25,99,3.61,overcast clouds
412,Lagos,NG,6.5833,3.75,29.18,82,7,2.75,clear sky
413,Narasannapeta,IN,18.4167,84.05,19.75,69,78,2.15,broken clouds
414,Llandrindod Wells,GB,52.2416,-3.3787,9.05,96,100,6.64,overcast clouds
415,Nome,US,64.5011,-165.4064,-16.96,55,100,0.0,overcast clouds
416,Dubrovka,RU,53.6907,33.5071,-4.01,90,12,5.2,few clouds
417,San Rafael,AR,-34.6177,-68.3301,24.29,22,0,5.62,clear sky
418,Wencheng,CN,33.0559,113.7978,2.18,93,84,0.97,broken clouds
419,Ostrovnoy,RU,68.0531,39.5131,-12.37,95,57,2.79,broken clouds
420,Sao Felix Do Xingu,BR,-6.6447,-51.995,24.21,89,100,0.47,light rain
421,Wanning,CN,18.8003,110.3967,18.66,79,100,2.19,overcast clouds
422,Mareeba,AU,-17.0,145.4333,22.4,94,78,1.1,broken clouds
423,Balabac,PH,7.9868,117.0645,26.22,85,100,4.31,moderate rain
424,Dalianwan,CN,39.0286,121.695,-2.98,68,20,4.0,few clouds
425,Krumbach,DE,48.2418,10.3632,1.78,70,100,2.62,overcast clouds
426,Kemijarvi,FI,66.7131,27.4306,-21.06,100,40,0.87,scattered clouds
427,Port Blair,IN,11.6667,92.75,25.02,78,20,1.54,mist
428,Byron Bay,AU,-28.65,153.6167,20.59,69,88,6.06,overcast clouds
429,Olafsvik,IS,64.8945,-23.7142,-2.9,71,35,8.36,scattered clouds
430,Temeni,GR,38.2333,22.1167,13.1,73,100,2.76,overcast clouds
431,Biak,ID,-0.9131,122.8766,23.68,91,100,1.58,overcast clouds
432,Komsomolets,KZ,53.7453,62.0708,-9.37,96,100,2.09,overcast clouds
433,Camacha,PT,33.0833,-16.3333,15.68,72,75,6.69,broken clouds
434,Eshowe,ZA,-28.8865,31.4699,19.0,91,0,2.26,clear sky
435,Georgetown,MY,5.4112,100.3354,27.96,79,20,3.09,few clouds
436,Luderitz,NA,-26.6481,15.1594,22.91,71,3,3.72,clear sky
437,Antofagasta,CL,-23.65,-70.4,23.45,63,2,4.7,clear sky
438,Moose Factory,CA,51.2585,-80.6094,-21.0,54,0,5.14,clear sky
439,Zyryanka,RU,65.75,150.85,-35.28,95,11,3.55,few clouds
440,Novosergiyevka,RU,52.0934,53.6528,-10.3,100,100,1.27,overcast clouds
441,Qaqortoq,GL,60.7167,-46.0333,-1.71,98,100,1.16,snow
442,Gohpur,IN,26.8833,93.6333,13.22,78,0,1.6,clear sky
443,Diamantino,BR,-14.4086,-56.4461,27.02,84,97,0.78,overcast clouds
444,Boguchany,RU,58.3814,97.4531,-29.18,100,49,1.33,scattered clouds
445,Yumen,CN,40.2833,97.2,-4.25,51,100,3.21,overcast clouds
446,Curico,CL,-34.9833,-71.2333,33.06,21,0,4.12,haze
447,Fort Madison,US,40.6298,-91.3151,-6.6,35,2,4.4,clear sky
448,Komsomolskiy,UZ,40.4272,71.7189,4.68,87,100,1.03,fog
449,Tombouctou,ML,20.0,-3.0,18.72,15,0,4.45,clear sky
450,Fairbanks,US,64.8378,-147.7164,-20.42,75,40,1.54,scattered clouds
451,Villa San Giovanni,IT,38.2276,15.6386,14.37,75,20,3.6,few clouds
452,Channel-Port Aux Basques,CA,47.5702,-59.1367,3.81,98,100,12.01,overcast clouds
453,Makarov,RU,48.6333,142.8,-7.0,96,100,4.28,snow
454,Lisala,CD,2.15,21.5167,27.66,42,78,0.83,broken clouds
455,Espanola,US,35.9911,-106.0806,7.53,36,45,0.45,scattered clouds
456,Gavle,SE,60.6745,17.1417,3.61,83,100,2.68,overcast clouds
457,Yuanping,CN,38.7153,112.7575,-2.18,92,100,1.2,light snow
458,Seven Hills,US,41.3953,-81.6762,-1.43,72,100,8.23,overcast clouds
459,Merzig,DE,49.45,6.6333,2.15,77,66,1.5,broken clouds
460,Batemans Bay,AU,-35.7167,150.1833,18.39,91,65,1.37,broken clouds
461,Viransehir,TR,37.2353,39.7631,7.08,58,2,1.39,clear sky
462,Vila Velha,BR,-20.3297,-40.2925,24.97,90,40,3.6,scattered clouds
463,Viedma,AR,-40.8135,-62.9967,28.83,14,100,3.63,overcast clouds
464,Galle,LK,6.0367,80.217,24.01,89,100,1.45,overcast clouds
465,Sosnovo-Ozerskoye,RU,52.5249,111.5418,-34.63,100,90,0.55,overcast clouds
466,Vaiano,IT,43.949,11.1232,7.8,67,0,1.03,clear sky
467,High Level,CA,58.5169,-117.136,-16.94,78,100,6.69,light snow
468,Kabalo,CD,-6.05,26.9167,21.89,90,56,0.94,light rain
469,Seryshevo,RU,51.0933,128.3786,-18.84,93,100,3.63,overcast clouds
470,Vasto,IT,42.1243,14.7059,6.93,74,100,3.65,overcast clouds
471,Nishihara,JP,26.1842,127.7558,20.6,83,100,7.2,overcast clouds
472,Chuguyevka,RU,44.1653,133.8633,-19.25,100,100,0.64,overcast clouds
473,Esmeraldas,BR,-19.7625,-44.3139,24.58,86,75,2.61,broken clouds
474,Saltillo,MX,25.4167,-101.0,19.99,48,0,4.12,clear sky
475,Malaya Purga,RU,56.5567,53.0043,-4.74,97,100,2.4,light snow
476,Voznesenye,RU,61.0106,35.4781,-2.89,88,96,5.98,overcast clouds
477,Ocara,BR,-4.4908,-38.5967,28.58,62,35,4.33,scattered clouds
478,Aljezur,PT,37.3191,-8.8033,12.22,89,100,2.85,overcast clouds
479,Poum,NC,-20.2333,164.0167,27.18,74,100,1.47,overcast clouds
480,Elat,IL,29.5581,34.9482,15.91,44,0,5.14,clear sky
481,Monte Patria,CL,-30.6919,-70.9467,28.51,35,1,5.84,clear sky
482,Baoqing,CN,46.3317,132.2111,-20.04,93,18,2.44,few clouds
483,Qasigiannguit,GL,68.8193,-51.1922,-9.97,87,100,5.8,light snow
484,Kouango,CF,4.9934,19.9619,28.2,23,71,1.03,broken clouds
485,Kiunga,PG,-6.1219,141.2906,22.26,92,92,0.6,overcast clouds
486,Killybegs,IE,54.6333,-8.45,8.03,82,100,8.86,overcast clouds
487,Kafanchan,NG,9.5833,8.3,23.6,15,12,1.84,few clouds
488,Bhatkal,IN,13.9667,74.5667,24.0,56,4,1.7,clear sky
489,Amapa,BR,1.0,-52.0,26.98,78,77,1.72,broken clouds
490,Sakaiminato,JP,35.55,133.2333,0.99,93,75,1.54,broken clouds
491,Okha,RU,53.5739,142.9478,-14.47,94,89,3.32,overcast clouds
492,Sandpoint,US,48.2766,-116.5533,6.45,65,0,0.89,clear sky
493,Ixtapa,MX,20.7,-105.2,31.73,25,5,3.52,clear sky
494,Karaton,ID,-6.3424,106.1045,27.2,91,100,1.85,overcast clouds
495,Palana,RU,59.1167,159.9667,-24.75,95,28,1.91,scattered clouds
496,Aklavik,CA,68.2191,-135.0107,-27.54,68,75,1.54,broken clouds
497,Broken Hill,AU,-31.95,141.4333,21.84,33,8,3.6,clear sky
498,Gweru,ZW,-19.45,29.8167,17.94,50,10,5.12,clear sky
499,Bilara,IN,26.1792,73.7056,15.58,28,0,1.36,clear sky
500,Athabasca,CA,54.7169,-113.2854,-6.1,78,59,2.18,broken clouds
501,Tshikapa,CD,-6.4167,20.8,21.6,95,76,1.0,moderate rain
502,Khorixas,NA,-20.3667,14.9667,21.23,79,100,3.01,light rain
503,Kizema,RU,61.113,44.8302,-9.64,95,98,2.72,overcast clouds
504,Kenora,CA,49.8167,-94.4337,-22.34,57,75,1.79,broken clouds
505,Bilibino,RU,68.0546,166.4372,-33.65,100,100,0.49,overcast clouds
506,Miandrivazo,MG,-19.5167,45.4667,26.53,83,53,1.01,moderate rain
507,Petropavlovsk-Kamchatskiy,RU,53.0452,158.6483,-18.46,78,75,2.0,broken clouds
508,Oranjemund,NA,-28.55,16.4333,20.4,76,2,4.03,clear sky
509,Sobolevo,RU,54.4299,31.8996,-4.44,89,20,6.24,few clouds
510,Talnakh,RU,69.4865,88.3972,-22.55,79,14,4.21,few clouds
511,Tromso,NO,69.6496,18.957,-5.99,79,0,4.12,clear sky
512,Hornepayne,CA,49.2138,-84.7705,-19.29,73,100,2.21,overcast clouds
513,Saint Stephen,GB,50.3333,-4.9,10.15,93,75,7.72,broken clouds
514,Mankono,CI,8.0586,-6.1897,27.67,16,6,1.22,clear sky
515,Hemnesberget,NO,66.2333,13.6333,-0.74,91,94,2.8,overcast clouds
516,Sandeid,NO,59.5449,5.8636,6.17,99,100,3.76,light rain
517,Singaraja,ID,-8.112,115.0882,27.76,94,100,1.59,overcast clouds
518,Constitucion,CL,-35.3333,-72.4167,21.88,53,2,2.5,clear sky
519,Hofn,IS,64.2539,-15.2082,-4.24,69,100,9.3,overcast clouds
520,Lodja,CD,-3.4833,23.4333,21.77,93,76,0.82,light rain
521,Ambilobe,MG,-13.2,49.05,22.55,96,86,1.15,light rain
522,Yaypan,UZ,40.3758,70.8156,4.04,94,100,0.36,overcast clouds
523,Sangar,RU,63.9242,127.4739,-29.81,98,100,0.86,overcast clouds
524,Lucea,JM,18.451,-78.1736,29.36,70,15,6.46,few clouds
525,Ouesso,CG,1.6136,16.0517,25.79,28,100,0.27,overcast clouds
526,Linxia,CN,35.6003,103.2064,-11.56,68,1,2.38,clear sky
527,Pontes E Lacerda,BR,-15.2261,-59.3353,26.63,91,92,1.63,overcast clouds
528,Lethem,GY,3.3803,-59.7968,35.39,34,74,5.38,broken clouds
529,Sinnamary,GF,5.3833,-52.95,25.64,87,69,5.25,broken clouds
530,Konevo,RU,62.1215,39.3192,-8.15,96,99,2.18,overcast clouds
531,Gunjur,GM,13.2019,-16.7339,30.04,26,0,2.57,clear sky
532,Denpasar,ID,-8.65,115.2167,27.81,78,20,4.12,few clouds
533,Erzin,TR,36.9559,36.2,5.29,70,22,1.34,few clouds
534,Kerrville,US,30.0474,-99.1403,12.01,40,0,12.35,clear sky
535,Vidim,RU,56.4088,103.1106,-30.69,100,88,1.4,overcast clouds
536,Antalya,TR,36.7741,30.7178,10.05,80,84,2.06,broken clouds
537,Honiara,SB,-9.4333,159.95,24.99,88,94,0.97,overcast clouds
538,Selizharovo,RU,56.8519,33.4487,-1.91,93,100,5.34,light snow
539,Bilma,NE,18.6853,12.9164,18.94,16,0,3.64,clear sky
540,Ayan,RU,56.45,138.1667,-21.2,80,65,3.04,broken clouds
541,Ambo,PE,-10.1308,-76.2047,20.71,66,99,2.73,overcast clouds
542,Makokou,GA,0.5738,12.8642,25.61,62,17,1.23,few clouds
543,Dolores,AR,-36.3132,-57.6792,21.16,32,9,7.87,clear sky
544,Lixourion,GR,38.2019,20.4314,11.89,78,100,1.47,overcast clouds
545,Marzuq,YE,14.4,46.4667,17.65,69,11,1.64,few clouds
546,Qingquan,CN,30.4511,115.2559,5.59,92,100,1.68,overcast clouds
547,Ornskoldsvik,SE,63.2909,18.7153,-3.47,86,75,1.54,broken clouds
548,Ust-Kulom,RU,61.6864,53.6902,-9.97,98,100,1.35,overcast clouds
549,Ust-Maya,RU,60.4167,134.5333,-35.77,100,100,0.53,overcast clouds
550,Alekseyevskoye,RU,55.3071,50.1135,-2.62,96,100,4.85,light snow
551,Katghora,IN,22.5,82.55,12.24,39,7,2.63,clear sky
552,Toora-Khem,RU,52.4675,96.11,-31.98,100,97,0.58,overcast clouds
553,Igarka,RU,67.4667,86.5833,-23.89,84,3,4.69,clear sky
554,Husavik,IS,66.0449,-17.3389,-4.05,87,93,3.29,overcast clouds
555,Palmer,US,42.1584,-72.3287,13.67,38,75,8.75,broken clouds
556,Ambikapur,IN,23.1167,83.2,9.61,41,6,0.78,clear sky
557,Minab,IR,27.1467,57.0801,20.18,73,84,0.0,broken clouds
558,Matagami,CA,49.7502,-77.6328,-24.94,64,0,5.66,clear sky
559,Cayenne,GF,4.9333,-52.3333,27.02,88,75,5.66,broken clouds
560,Takaka,NZ,-40.85,172.8,15.31,92,100,5.87,light rain
561,Nuuk,GL,64.1835,-51.7216,-10.81,84,100,3.43,overcast clouds
562,Marrakesh,MA,31.6315,-8.0083,18.04,27,1,2.06,clear sky
563,Hyeres,FR,43.1167,6.1167,11.86,54,0,3.6,clear sky
564,Kokstad,ZA,-30.5472,29.4241,18.68,89,78,1.68,broken clouds
565,Aitape,PG,-3.1374,142.3475,25.19,86,88,2.6,overcast clouds
566,Olbia,IT,40.9214,9.4856,6.03,93,0,0.51,clear sky
567,Comodoro Rivadavia,AR,-45.8667,-67.5,29.92,23,0,5.14,clear sky
568,Catuday,PH,16.2923,119.8062,24.65,71,100,4.37,overcast clouds
569,Bogyiszlo,HU,46.3864,18.8296,3.69,67,6,2.93,clear sky
570,Zhigalovo,RU,54.8097,105.1578,-36.0,100,93,0.6,overcast clouds
571,Camocim,BR,-2.9022,-40.8411,28.26,71,65,5.84,broken clouds
572,Bonavista,CA,48.6499,-53.1147,5.06,80,100,10.78,overcast clouds
573,Brooks,CA,50.5834,-111.8851,6.35,40,100,2.06,overcast clouds
574,Buala,SB,-8.145,159.5921,25.77,82,100,0.94,overcast clouds
575,Kulhudhuffushi,MV,6.6221,73.07,27.24,74,100,2.52,light rain
576,Wichita Falls,US,33.9137,-98.4934,7.92,26,0,5.66,clear sky
577,Hualmay,PE,-11.0964,-77.6139,24.09,69,38,4.83,scattered clouds
578,San Fernando,PH,15.0286,120.6898,26.19,80,100,1.97,overcast clouds
579,Zaterechnyy,RU,44.7931,45.2097,6.15,62,100,3.96,overcast clouds
580,Lchashen,AM,40.5176,44.9319,-6.94,72,8,2.74,clear sky
581,Mweka,CD,-4.85,21.5667,21.15,93,81,0.93,light rain
582,Cubuk,TR,40.2386,33.0322,3.81,80,0,1.54,clear sky
583,Pale,BA,43.8161,18.5694,-1.14,74,0,0.51,clear sky
584,Derzhavinsk,KZ,51.1,66.3167,-3.7,96,100,7.68,light snow
585,Chimoio,MZ,-19.1164,33.4833,21.92,88,20,0.64,few clouds
586,The Pas,CA,53.8251,-101.2541,-20.99,65,0,3.09,clear sky
587,Lasa,IT,46.6166,10.7002,-0.3,50,19,0.7,few clouds
588,Laguna,US,38.421,-121.4238,26.28,50,0,0.45,clear sky
589,Zhezkazgan,KZ,47.8043,67.7144,-3.01,93,100,9.0,overcast clouds
590,Bambanglipuro,ID,-7.95,110.2833,17.0,88,99,1.83,light rain
591,Henderson,US,36.0397,-114.9819,21.75,18,0,4.63,clear sky
592,Noumea,NC,-22.2763,166.4572,26.67,99,95,1.11,overcast clouds
593,Summerville,US,33.0185,-80.1757,21.1,38,0,2.57,clear sky
594,Ahtopol,BG,42.1,27.95,5.68,82,100,5.74,overcast clouds
595,Hovd,MN,48.0056,91.6419,-27.44,83,68,1.65,broken clouds
596,Caarapo,BR,-22.6342,-54.8222,33.78,28,41,1.34,scattered clouds
597,Chapais,CA,49.7834,-74.8492,-23.12,82,100,5.13,overcast clouds
598,Lobva,RU,59.1854,60.5185,-15.08,99,98,0.85,overcast clouds
599,Goma,CD,-1.6792,29.2228,17.09,85,99,1.28,overcast clouds
600,Petukhovo,RU,55.0692,67.9019,-21.63,100,94,0.64,overcast clouds
601,Port Keats,AU,-14.25,129.55,25.96,84,40,1.55,scattered clouds
602,Hokitika,NZ,-42.7167,170.9667,10.37,83,100,4.22,overcast clouds
603,Livadiya,RU,42.8692,132.6764,-9.25,64,6,4.16,clear sky
604,Da Nang,VN,16.0678,108.2208,23.99,83,75,1.54,broken clouds
605,Paracatu,BR,-17.2222,-46.8747,22.87,86,74,3.05,broken clouds
606,Takoradi,GH,4.8845,-1.7554,26.83,81,96,3.51,overcast clouds
607,Porto Novo,BJ,6.4965,2.6036,27.9,79,23,4.12,few clouds
608,Binga,ZW,-17.6203,27.3414,22.44,80,86,0.44,overcast clouds
609,Mpanda,TZ,-6.3655,31.0409,18.86,94,100,0.73,overcast clouds
610,Soubre,CI,5.7856,-6.6083,26.65,68,78,2.83,broken clouds
611,Mopipi,BW,-21.1833,24.8833,28.86,30,100,6.33,overcast clouds
612,Ternate,ID,0.8,127.4,26.62,79,100,1.76,overcast clouds
613,Baykit,RU,61.67,96.37,-26.16,100,34,1.1,scattered clouds
614,Zheleznodorozhnyy,RU,55.7503,38.0042,-2.71,91,35,4.33,light snow
615,Saint-Joseph,RE,-21.3667,55.6167,25.2,83,14,3.87,few clouds
616,Houston,US,29.7633,-95.3633,15.01,74,100,11.83,overcast clouds
617,Bereda,ES,43.2686,-7.5406,7.15,94,55,0.79,broken clouds
618,Essenbach,DE,48.6167,12.2167,2.54,82,18,2.72,few clouds
619,Velikooktyabrskiy,RU,57.4333,33.8159,-1.59,93,100,5.87,overcast clouds
620,Imbituba,BR,-28.24,-48.6703,28.23,66,0,6.74,clear sky
621,Caravelas,BR,-17.7125,-39.2481,27.2,73,100,3.05,overcast clouds
622,Rorvik,NO,64.8621,11.2373,1.18,76,100,5.91,light snow
623,Srandakan,ID,-7.9386,110.2506,17.07,88,99,1.81,light rain
624,Staraya Mayna,RU,54.6,48.95,-1.94,96,100,3.54,light snow
625,Nicolas Bravo,MX,18.45,-88.9167,26.11,87,29,1.81,scattered clouds
626,Lata,PT,40.1629,-8.3327,12.67,94,63,0.95,broken clouds
627,Quirinopolis,BR,-18.4483,-50.4517,27.04,76,41,2.92,scattered clouds
628,Wattegama,LK,6.7989,81.4808,22.56,94,100,1.75,overcast clouds
629,Nhulunbuy,AU,-12.2333,136.7667,24.34,94,9,1.03,clear sky
630,Mujiayingzi,CN,42.1167,118.7833,-12.75,81,82,1.15,broken clouds
631,Olinda,BR,-8.0089,-34.8553,29.85,70,20,3.6,few clouds
632,Yekaterinovka,RU,52.0508,44.3451,-6.02,97,86,4.3,overcast clouds
633,Minot,US,48.2325,-101.2963,-10.45,73,100,5.66,overcast clouds
634,Gazanjyk,TM,39.2446,55.5154,7.09,61,0,2.87,clear sky
635,Atherton,GB,53.5237,-2.4935,8.66,90,100,1.79,light rain
636,Vostok,RU,46.4856,135.8833,-17.08,99,100,1.12,overcast clouds
637,Bani,DO,18.2833,-70.3333,27.14,65,30,8.16,scattered clouds
638,Boende,CD,-0.2167,20.8667,27.1,53,83,1.59,broken clouds
639,Port Hedland,AU,-20.3167,118.5667,29.03,89,19,2.57,light rain
640,Sudak,UA,44.85,34.9667,3.68,75,85,7.47,overcast clouds
641,Siloam Springs,US,36.1881,-94.5405,1.36,43,0,5.66,clear sky
642,Kondinskoye,RU,59.6481,67.41,-15.06,95,100,3.41,overcast clouds
643,Joao Pinheiro,BR,-17.7425,-46.1725,20.73,92,97,2.35,overcast clouds
644,Corn Island,NI,12.1694,-83.0418,27.05,75,100,8.47,overcast clouds
645,Tashla,RU,51.7716,52.7427,-9.7,98,100,1.35,overcast clouds
646,Mazagao,BR,-0.115,-51.2894,32.03,67,31,2.59,scattered clouds
647,Uvalde,US,29.3669,-99.767,15.55,25,0,8.23,clear sky
648,Oktyabrskoye,RU,43.0645,44.7417,-2.92,93,8,2.0,clear sky
649,Ushirombo,TZ,-3.4919,31.9639,18.43,92,98,0.96,overcast clouds
650,Opuwo,NA,-18.0607,13.84,18.83,88,100,7.68,moderate rain
651,Taitung,TW,22.7583,121.1444,20.23,84,52,4.38,broken clouds
652,Freeport,US,40.6576,-73.5832,15.32,42,0,8.23,clear sky
653,Vydrino,RU,51.485,104.8461,-23.48,92,94,1.82,overcast clouds
654,Vestmannaeyjar,IS,63.4427,-20.2734,-2.08,78,23,1.62,few clouds
655,Harer,ET,9.3094,42.1258,14.87,63,73,4.59,broken clouds
656,Faya,SA,18.3851,42.4509,14.29,65,2,2.98,clear sky
657,Bafia,CM,4.75,11.2333,24.98,33,29,1.15,scattered clouds
658,Udachnyy,RU,66.4167,112.4,-26.39,100,96,1.31,overcast clouds
659,Akyab,MM,20.15,92.9,16.77,57,100,5.22,overcast clouds
660,Aykhal,RU,66.0,111.5,-22.19,98,99,1.68,overcast clouds
661,Pemangkat,ID,1.1667,108.9667,24.54,89,100,1.54,overcast clouds
662,Kaseda,JP,31.4167,130.3167,12.42,92,100,5.02,overcast clouds
663,Wilkie,CA,52.4168,-108.7014,-12.84,74,13,0.44,few clouds
664,Angoche,MZ,-16.2325,39.9086,25.42,88,96,2.51,light rain
665,Paita,PE,-5.0892,-81.1144,29.31,64,100,6.17,overcast clouds
666,Prabumulih,ID,-3.45,104.25,22.89,98,100,0.76,moderate rain
667,Merauke,ID,-8.4667,140.3333,24.65,85,0,4.66,clear sky
668,Palauig,PH,15.435,119.9045,25.72,69,97,1.33,overcast clouds
669,Port Shepstone,ZA,-30.7414,30.455,24.6,87,88,8.05,overcast clouds
670,Jodar,ES,37.8406,-3.3526,10.77,70,100,0.85,overcast clouds
671,Rantepao,ID,-2.9701,119.8978,19.39,97,100,1.01,overcast clouds
672,Raton,US,36.9034,-104.4391,4.62,66,38,3.62,scattered clouds
673,West Wendover,US,40.7391,-114.0733,7.22,48,0,1.25,clear sky
674,Newnan,US,33.3807,-84.7997,21.75,34,0,2.57,clear sky
675,Harsany,HU,47.9667,20.75,0.15,58,0,1.35,clear sky
676,Nova Ushytsya,UA,48.8372,27.2743,-1.23,85,9,2.12,clear sky
677,Hue,VN,16.4667,107.6,22.06,94,20,0.51,few clouds
678,San Jose,US,37.3394,-121.895,26.25,44,75,0.89,broken clouds
679,Dakoro,NE,14.5106,6.765,20.84,10,3,4.59,clear sky
680,Ust-Ilimsk,RU,58.0006,102.6619,-30.67,100,74,0.64,broken clouds
681,Sudzha,RU,51.1976,35.2726,-7.4,96,39,3.33,scattered clouds
682,Touros,BR,-5.1989,-35.4608,30.5,72,33,4.46,scattered clouds
683,Sulechow,PL,52.0836,15.6251,0.4,70,0,1.03,clear sky
684,Toyooka,JP,35.5333,134.8333,3.47,83,100,0.53,overcast clouds
685,Bonthe,SL,7.5264,-12.505,25.92,82,11,4.87,few clouds
686,Maldonado,UY,-34.6667,-54.9167,17.66,88,100,7.65,overcast clouds
687,Ugoofaaru,MV,5.6667,73.0,27.08,75,100,1.86,overcast clouds
